,CAGR,Sharpe,Sortino,Max Drawdown,Calmar
0,0.19942451182407472,1.1038150503743043,1.5393263480882993,-0.3570675341299906,0.5585064245899044
